model_label,family,false_safe_rate_median,false_safe_rate_q95_rep,beta_fs_cons_family,false_unsafe_rate_median,coverage_median,pass_beta_2p5
Ridge direct,3F soft-first-story T=1.8s,0.0064764492753623185,0.0064764492753623185,2.485061691569009,0.13888134057971013,0.5134315299736496,False
LGBM direct,3F soft-first-story T=1.8s,0.009601449275362318,0.011684782608695652,2.267338337207564,0.008152173913043478,0.5548748353096179,False
XGB direct,3F soft-first-story T=1.8s,0.011684782608695652,0.012830615942028983,2.2313004804079624,0.008152173913043478,0.5286489212779973,False
MLP scratch,3F soft-first-story T=1.8s,0.010156249999999999,0.01392096920289855,2.199506345927891,0.03372961956521739,0.58379034914361,False
